<?xml version="1.0" encoding="UTF-8" ?>
<!-- This is a WordPress eXtended RSS file generated by WordPress as an export of your site. -->
<!-- It contains information about your site's posts, pages, comments, categories, and other content. -->
<!-- You may use this file to transfer that content from one site to another. -->
<!-- This file is not intended to serve as a complete backup of your site. -->

<!-- To import this information into a WordPress site follow these steps: -->
<!-- 1. Log in to that site as an administrator. -->
<!-- 2. Go to Tools: Import in the WordPress admin panel. -->
<!-- 3. Install the "WordPress" importer from the list. -->
<!-- 4. Activate & Run Importer. -->
<!-- 5. Upload this file using the form provided on that page. -->
<!-- 6. You will first be asked to map the authors in this export file to users -->
<!--    on the site. For each author, you may choose to map to an -->
<!--    existing user on the site or to create a new user. -->
<!-- 7. WordPress will then import each of the posts, pages, comments, categories, etc. -->
<!--    contained in this file into your site. -->

	<!-- generator="WordPress/5.2.2" created="2019-06-26 07:39" -->
<rss version="2.0"
	xmlns:excerpt="http://wordpress.org/export/1.2/excerpt/"
	xmlns:content="http://purl.org/rss/1.0/modules/content/"
	xmlns:wfw="http://wellformedweb.org/CommentAPI/"
	xmlns:dc="http://purl.org/dc/elements/1.1/"
	xmlns:wp="http://wordpress.org/export/1.2/"
>

<channel>
	<title>Corano</title>
	<link>http://demo.roadthemes.com/corano</link>
	<description>Woocommerce Theme</description>
	<pubDate>Wed, 26 Jun 2019 07:39:56 +0000</pubDate>
	<language>en-US</language>
	<wp:wxr_version>1.2</wp:wxr_version>
	<wp:base_site_url>http://demo.roadthemes.com/corano</wp:base_site_url>
	<wp:base_blog_url>http://demo.roadthemes.com/corano</wp:base_blog_url>

		<wp:author><wp:author_id>1</wp:author_id><wp:author_login><![CDATA[admin]]></wp:author_login><wp:author_email><![CDATA[roadthemez@gmail.com]]></wp:author_email><wp:author_display_name><![CDATA[admin]]></wp:author_display_name><wp:author_first_name><![CDATA[Kevin]]></wp:author_first_name><wp:author_last_name><![CDATA[Sobo]]></wp:author_last_name></wp:author>
<item>
		<title>Home shop 3</title>
		<link>http://demo.roadthemes.com/corano/home-shop-3/</link>
		<pubDate>Tue, 20 Nov 2018 08:31:23 +0000</pubDate>
		<dc:creator><![CDATA[admin]]></dc:creator>
		<guid isPermaLink="false">http://localhost/Wordpress/wp_origine/?page_id=952</guid>
		<description></description>
		<content:encoded><![CDATA[<p>[vc_row full_width="stretch_row_content_no_spaces"][vc_column][rev_slider_vc alias="home3-slider" el_class="home-slideshow3"][/vc_column][/vc_row][vc_row el_class="banner-4"][vc_column width="5/12"][vc_single_image image="2110" img_size="full" alignment="center" onclick="custom_link" link="http://demo.roadthemes.com/corano/about-us/"][/vc_column][vc_column width="7/12"][vc_column_text]</p>
<h3>About Us</h3>
<h5>Founded in 1986, I.D. Jewelry, LLC, a family owned &amp; operated business has become a house-hold name in states all over the USA as well as countries all over the world.</h5>
<p>For those that rather the full immersion of the in store experience we welcome your company and look forward to meeting you face to face. Being located in the 47 street diamond district, known to be the largest diamond.</p>
<p>Based in the heart of New York’s Diamond District, also known as the NYC diamond district, I. D. Jewelry has some of the most competitively priced in the market. It is our goal to supply our clients.</p>
<p>[/vc_column_text][/vc_column][/vc_row][vc_row][vc_column][roadthemes_title heading_title="New Arrivals" sub_heading_title="Add new arrivals to weekly lineup"][vc_tta_tabs][vc_tta_section title="Bracelets" tab_id="1556177063673-bedc8fac-a859"][product_category_r per_page="4" columns="1" orderby="" order="" category="necklaces%e2%80%8e" enable_slider="true" items_768_991="2" navigation="" pagination="" item_margin="20" speed="500"][/vc_tta_section][vc_tta_section title="Earrings" tab_id="1556177063706-b3927422-5b30"][product_category_r per_page="4" columns="1" orderby="" order="" category="brooches%e2%80%8e" enable_slider="true" items_768_991="2" navigation="" pagination="" item_margin="20" speed="500"][/vc_tta_section][vc_tta_section title="Necklaces" tab_id="1556177100874-6c9c4063-2657"][product_category_r per_page="4" columns="1" orderby="" order="" category="candles" enable_slider="true" items_768_991="2" navigation="" pagination="" item_margin="20" speed="500"][/vc_tta_section][/vc_tta_tabs][/vc_column][/vc_row][vc_row full_width="stretch_row_content" el_class="banner-2 padding-row"][vc_column][vc_row_inner][vc_column_inner width="1/4"][vc_single_image image="2105" img_size="full" alignment="center" onclick="custom_link" link="http://demo.roadthemes.com/corano/shop/"][vc_column_text el_class="txt-content"]</p>
<h5>Earrings</h5>
<h6>15 Items</h6>
<p>[/vc_column_text][/vc_column_inner][vc_column_inner width="1/4"][vc_single_image image="2106" img_size="full" alignment="center" onclick="custom_link" link="http://demo.roadthemes.com/corano/shop/"][vc_column_text el_class="txt-content"]</p>
<h5>Necklaces</h5>
<h6>15 Items</h6>
<p>[/vc_column_text][/vc_column_inner][vc_column_inner width="1/4"][vc_single_image image="2107" img_size="full" alignment="center" onclick="custom_link" link="http://demo.roadthemes.com/corano/shop/"][vc_column_text el_class="txt-content"]</p>
<h5>Rings</h5>
<h6>15 Items</h6>
<p>[/vc_column_text][/vc_column_inner][vc_column_inner width="1/4"][vc_single_image image="2108" img_size="full" alignment="center" onclick="custom_link" link="http://demo.roadthemes.com/corano/shop/"][vc_column_text el_class="txt-content"]</p>
<h5>Bracelets</h5>
<h6>15 Items</h6>
<p>[/vc_column_text][/vc_column_inner][/vc_row_inner][/vc_column][/vc_row][vc_row][vc_column][roadthemes_title heading_title="Our Products" sub_heading_title="Add our products to weekly lineup"][product_category_r per_page="8" columns="2" orderby="" order="" category="wall-decor" enable_slider="true" items_768_991="2" navigation="" pagination="" item_margin="20" speed="500"][/vc_column][/vc_row][vc_row full_width="stretch_row" el_class="testimonials-container" css=".vc_custom_1556175731843{background-image: url(http://demo.roadthemes.com/corano/wp-content/uploads/2019/04/bg-testimonial.jpg?id=2111) !important;}"][vc_column][roadthemes_title heading_title="Client Testimonials" sub_heading_title="What they say"][testimonials limit="5" size="110" navigation="0" pagination="0"][/vc_column][/vc_row][vc_row][vc_column offset="vc_col-lg-4 vc_col-md-4"][roadthemes_title heading_title="Featured Products" style="style2"][featured_products_r per_page="8" columns="4" orderby="" order="" style="product-list" enable_slider="true" items_1500up="1" items_1200_1499="1" items_992_1199="1" items_768_991="2" navigation="" pagination="" item_margin="20" speed="500"][/vc_column][vc_column offset="vc_col-lg-4 vc_col-md-4"][roadthemes_title heading_title="On Sale Products" style="style2"][sale_products_r per_page="8" columns="4" orderby="" order="" style="product-list" enable_slider="true" items_1500up="1" items_1200_1499="1" items_992_1199="1" items_768_991="2" navigation="" pagination="" item_margin="20" speed="500"][/vc_column][vc_column offset="vc_col-lg-4 vc_col-md-4"][roadthemes_title heading_title="Best Sellers" style="style2"][bestselling_products_r per_page="8" columns="4" style="product-list" enable_slider="true" items_1500up="1" items_1200_1499="1" items_992_1199="1" items_768_991="2" navigation="" pagination="" item_margin="20" speed="500"][/vc_column][/vc_row][vc_row][vc_column][roadthemes_title heading_title="From Our Blog" sub_heading_title="There are latest blog posts"][latestposts posts_per_page="5" colsnumber="3" enable_slider="true" items_768_991="2" navigation="1" pagination="" item_margin="30" speed="500" navigation_style="navigation-style2"][/vc_column][/vc_row]</p>
]]></content:encoded>
		<excerpt:encoded><![CDATA[]]></excerpt:encoded>
		<wp:post_id>952</wp:post_id>
		<wp:post_date><![CDATA[2018-11-20 08:31:23]]></wp:post_date>
		<wp:post_date_gmt><![CDATA[2018-11-20 08:31:23]]></wp:post_date_gmt>
		<wp:comment_status><![CDATA[closed]]></wp:comment_status>
		<wp:ping_status><![CDATA[closed]]></wp:ping_status>
		<wp:post_name><![CDATA[home-shop-3]]></wp:post_name>
		<wp:status><![CDATA[publish]]></wp:status>
		<wp:post_parent>0</wp:post_parent>
		<wp:menu_order>0</wp:menu_order>
		<wp:post_type><![CDATA[page]]></wp:post_type>
		<wp:post_password><![CDATA[]]></wp:post_password>
		<wp:is_sticky>0</wp:is_sticky>
														<wp:postmeta>
		<wp:meta_key><![CDATA[_edit_last]]></wp:meta_key>
		<wp:meta_value><![CDATA[1]]></wp:meta_value>
		</wp:postmeta>
							<wp:postmeta>
		<wp:meta_key><![CDATA[_wp_page_template]]></wp:meta_key>
		<wp:meta_value><![CDATA[page-templates/front-page-third.php]]></wp:meta_value>
		</wp:postmeta>
							<wp:postmeta>
		<wp:meta_key><![CDATA[slide_template]]></wp:meta_key>
		<wp:meta_value><![CDATA[default]]></wp:meta_value>
		</wp:postmeta>
							<wp:postmeta>
		<wp:meta_key><![CDATA[_manhframework_post_intro]]></wp:meta_key>
		<wp:meta_value><![CDATA[]]></wp:meta_value>
		</wp:postmeta>
							<wp:postmeta>
		<wp:meta_key><![CDATA[_manhframework_custom_sidebar]]></wp:meta_key>
		<wp:meta_value><![CDATA[]]></wp:meta_value>
		</wp:postmeta>
							<wp:postmeta>
		<wp:meta_key><![CDATA[_manhframework_custom_sidebar_pos]]></wp:meta_key>
		<wp:meta_value><![CDATA[left]]></wp:meta_value>
		</wp:postmeta>
							<wp:postmeta>
		<wp:meta_key><![CDATA[_wpb_vc_js_status]]></wp:meta_key>
		<wp:meta_value><![CDATA[true]]></wp:meta_value>
		</wp:postmeta>
							<wp:postmeta>
		<wp:meta_key><![CDATA[_belly_post_intro]]></wp:meta_key>
		<wp:meta_value><![CDATA[]]></wp:meta_value>
		</wp:postmeta>
							<wp:postmeta>
		<wp:meta_key><![CDATA[_belly_custom_sidebar]]></wp:meta_key>
		<wp:meta_value><![CDATA[]]></wp:meta_value>
		</wp:postmeta>
							<wp:postmeta>
		<wp:meta_key><![CDATA[_belly_custom_sidebar_pos]]></wp:meta_key>
		<wp:meta_value><![CDATA[left]]></wp:meta_value>
		</wp:postmeta>
							<wp:postmeta>
		<wp:meta_key><![CDATA[ampforwp-amp-on-off]]></wp:meta_key>
		<wp:meta_value><![CDATA[default]]></wp:meta_value>
		</wp:postmeta>
							<wp:postmeta>
		<wp:meta_key><![CDATA[_origine_post_intro]]></wp:meta_key>
		<wp:meta_value><![CDATA[]]></wp:meta_value>
		</wp:postmeta>
							<wp:postmeta>
		<wp:meta_key><![CDATA[_origine_custom_sidebar]]></wp:meta_key>
		<wp:meta_value><![CDATA[]]></wp:meta_value>
		</wp:postmeta>
							<wp:postmeta>
		<wp:meta_key><![CDATA[_origine_custom_sidebar_pos]]></wp:meta_key>
		<wp:meta_value><![CDATA[left]]></wp:meta_value>
		</wp:postmeta>
							<wp:postmeta>
		<wp:meta_key><![CDATA[_wpb_shortcodes_custom_css]]></wp:meta_key>
		<wp:meta_value><![CDATA[.vc_custom_1556175731843{background-image: url(http://demo.roadthemes.com/corano/wp-content/uploads/2019/04/bg-testimonial.jpg?id=2111) !important;}]]></wp:meta_value>
		</wp:postmeta>
							<wp:postmeta>
		<wp:meta_key><![CDATA[_umino_post_intro]]></wp:meta_key>
		<wp:meta_value><![CDATA[]]></wp:meta_value>
		</wp:postmeta>
							<wp:postmeta>
		<wp:meta_key><![CDATA[_umino_custom_sidebar]]></wp:meta_key>
		<wp:meta_value><![CDATA[]]></wp:meta_value>
		</wp:postmeta>
							<wp:postmeta>
		<wp:meta_key><![CDATA[_umino_custom_sidebar_pos]]></wp:meta_key>
		<wp:meta_value><![CDATA[left]]></wp:meta_value>
		</wp:postmeta>
							<wp:postmeta>
		<wp:meta_key><![CDATA[_corano_post_intro]]></wp:meta_key>
		<wp:meta_value><![CDATA[]]></wp:meta_value>
		</wp:postmeta>
							<wp:postmeta>
		<wp:meta_key><![CDATA[_corano_custom_sidebar]]></wp:meta_key>
		<wp:meta_value><![CDATA[]]></wp:meta_value>
		</wp:postmeta>
							<wp:postmeta>
		<wp:meta_key><![CDATA[_corano_custom_sidebar_pos]]></wp:meta_key>
		<wp:meta_value><![CDATA[left]]></wp:meta_value>
		</wp:postmeta>
							</item>
<item>
		<title>Header 2</title>
		<link>http://demo.roadthemes.com/corano/templatera/header-2/</link>
		<pubDate>Mon, 19 Nov 2018 15:06:46 +0000</pubDate>
		<dc:creator><![CDATA[admin]]></dc:creator>
		<guid isPermaLink="false">http://localhost/Wordpress/wp_origine/?post_type=templatera&#038;p=1472</guid>
		<description></description>
		<content:encoded><![CDATA[<p>[vc_row full_width="stretch_row" el_class="topbar"][vc_column][vc_row_inner][vc_column_inner el_class="topbar-left" width="1/2"][vc_column_text]Free shipping for all products[/vc_column_text][/vc_column_inner][vc_column_inner el_class="topbar-right" width="1/2"][vc_wp_custommenu nav_menu="32"][/vc_column_inner][/vc_row_inner][/vc_column][/vc_row][vc_row full_width="stretch_row" el_class="middle-header"][vc_column][vc_row_inner equal_height="yes"][vc_column_inner width="1/6" offset="vc_col-lg-3"][roadlogo logo_image="2385" logo_width="100"][/vc_column_inner][vc_column_inner width="7/12"][roadmainmenu sticky_logoimage="1289" sticky_logoimage_width="100"][/vc_column_inner][vc_column_inner width="1/4" offset="vc_col-lg-2"][roadminicart][roadwishlist][vc_column_text el_class="txt-link-myaccount"]<a href="http://demo.roadthemes.com/corano/my-account/"><i class="pe-7s-user">pe-7s-user</i></a>[/vc_column_text][roadproductssearchdropdown][/vc_column_inner][/vc_row_inner][/vc_column][/vc_row]</p>
]]></content:encoded>
		<excerpt:encoded><![CDATA[]]></excerpt:encoded>
		<wp:post_id>1472</wp:post_id>
		<wp:post_date><![CDATA[2018-11-19 15:06:46]]></wp:post_date>
		<wp:post_date_gmt><![CDATA[2018-11-19 15:06:46]]></wp:post_date_gmt>
		<wp:comment_status><![CDATA[closed]]></wp:comment_status>
		<wp:ping_status><![CDATA[closed]]></wp:ping_status>
		<wp:post_name><![CDATA[header-2]]></wp:post_name>
		<wp:status><![CDATA[publish]]></wp:status>
		<wp:post_parent>0</wp:post_parent>
		<wp:menu_order>0</wp:menu_order>
		<wp:post_type><![CDATA[templatera]]></wp:post_type>
		<wp:post_password><![CDATA[]]></wp:post_password>
		<wp:is_sticky>0</wp:is_sticky>
														<wp:postmeta>
		<wp:meta_key><![CDATA[_edit_last]]></wp:meta_key>
		<wp:meta_value><![CDATA[1]]></wp:meta_value>
		</wp:postmeta>
							<wp:postmeta>
		<wp:meta_key><![CDATA[slide_template]]></wp:meta_key>
		<wp:meta_value><![CDATA[default]]></wp:meta_value>
		</wp:postmeta>
							<wp:postmeta>
		<wp:meta_key><![CDATA[_wpb_vc_js_status]]></wp:meta_key>
		<wp:meta_value><![CDATA[true]]></wp:meta_value>
		</wp:postmeta>
							<wp:postmeta>
		<wp:meta_key><![CDATA[_wp_old_date]]></wp:meta_key>
		<wp:meta_value><![CDATA[2019-01-25]]></wp:meta_value>
		</wp:postmeta>
							<wp:postmeta>
		<wp:meta_key><![CDATA[_wp_old_date]]></wp:meta_key>
		<wp:meta_value><![CDATA[2019-01-19]]></wp:meta_value>
		</wp:postmeta>
							</item>
</channel>
</rss>		