<?xml version="1.0" encoding="UTF-8" ?>
<!-- This is a WordPress eXtended RSS file generated by WordPress as an export of your site. -->
<!-- It contains information about your site's posts, pages, comments, categories, and other content. -->
<!-- You may use this file to transfer that content from one site to another. -->
<!-- This file is not intended to serve as a complete backup of your site. -->

<!-- To import this information into a WordPress site follow these steps: -->
<!-- 1. Log in to that site as an administrator. -->
<!-- 2. Go to Tools: Import in the WordPress admin panel. -->
<!-- 3. Install the "WordPress" importer from the list. -->
<!-- 4. Activate & Run Importer. -->
<!-- 5. Upload this file using the form provided on that page. -->
<!-- 6. You will first be asked to map the authors in this export file to users -->
<!--    on the site. For each author, you may choose to map to an -->
<!--    existing user on the site or to create a new user. -->
<!-- 7. WordPress will then import each of the posts, pages, comments, categories, etc. -->
<!--    contained in this file into your site. -->

	<!-- generator="WordPress/5.2.2" created="2019-06-26 07:39" -->
<rss version="2.0"
	xmlns:excerpt="http://wordpress.org/export/1.2/excerpt/"
	xmlns:content="http://purl.org/rss/1.0/modules/content/"
	xmlns:wfw="http://wellformedweb.org/CommentAPI/"
	xmlns:dc="http://purl.org/dc/elements/1.1/"
	xmlns:wp="http://wordpress.org/export/1.2/"
>

<channel>
	<title>Corano</title>
	<link>http://demo.roadthemes.com/corano</link>
	<description>Woocommerce Theme</description>
	<pubDate>Wed, 26 Jun 2019 07:39:56 +0000</pubDate>
	<language>en-US</language>
	<wp:wxr_version>1.2</wp:wxr_version>
	<wp:base_site_url>http://demo.roadthemes.com/corano</wp:base_site_url>
	<wp:base_blog_url>http://demo.roadthemes.com/corano</wp:base_blog_url>

		<wp:author><wp:author_id>1</wp:author_id><wp:author_login><![CDATA[admin]]></wp:author_login><wp:author_email><![CDATA[roadthemez@gmail.com]]></wp:author_email><wp:author_display_name><![CDATA[admin]]></wp:author_display_name><wp:author_first_name><![CDATA[Kevin]]></wp:author_first_name><wp:author_last_name><![CDATA[Sobo]]></wp:author_last_name></wp:author>
		<item>
		<title>Home shop 2</title>
		<link>http://demo.roadthemes.com/corano/home-shop-2/</link>
		<pubDate>Tue, 20 Nov 2018 08:30:53 +0000</pubDate>
		<dc:creator><![CDATA[admin]]></dc:creator>
		<guid isPermaLink="false">http://localhost/Wordpress/wp_origine/?page_id=950</guid>
		<description></description>
		<content:encoded><![CDATA[<p>[vc_row][vc_column el_class="col-1-width"][rev_slider_vc alias="home2-slider"][/vc_column][/vc_row][vc_row el_class="policy-block style2"][vc_column width="1/2" offset="vc_col-lg-3"][vc_column_text el_class="icon-block"]<i class="pe-7s-plane">pe-7s-plane</i>[/vc_column_text][vc_column_text el_class="txt-block"]</p>
<h4>Free Shipping</h4>
<h6>Free shipping on all US order or order above $200</h6>
<p>[/vc_column_text][/vc_column][vc_column width="1/2" offset="vc_col-lg-3"][vc_column_text el_class="icon-block"]<i class="pe-7s-help2">pe-7s-help2</i>[/vc_column_text][vc_column_text el_class="txt-block"]</p>
<h4>Support 24/7</h4>
<h6>Contact us 24 hours a day, 7 days a week</h6>
<p>[/vc_column_text][/vc_column][vc_column width="1/2" offset="vc_col-lg-3"][vc_column_text el_class="icon-block"]<i class="pe-7s-back">pe-7s-back</i>[/vc_column_text][vc_column_text el_class="txt-block"]</p>
<h4>30 Days Return</h4>
<h6>Simply return it within 30 days for an exchange</h6>
<p>[/vc_column_text][/vc_column][vc_column width="1/2" offset="vc_col-lg-3"][vc_column_text el_class="icon-block"]<i class="pe-7s-credit">pe-7s-credit</i>[/vc_column_text][vc_column_text el_class="txt-block"]</p>
<h4>100% Payment Secure</h4>
<h6>We ensure secure payment with PEV</h6>
<p>[/vc_column_text][/vc_column][/vc_row][vc_row][vc_column][vc_separator color="custom" accent_color="#efefef"][/vc_column][/vc_row][vc_row][vc_column][roadthemes_title heading_title="New Arrivals" sub_heading_title="Add new arrivals to weekly lineup"][vc_tta_tabs][vc_tta_section title="Bracelets" tab_id="1556099684869-9b40d20e-6960"][product_category_r per_page="4" columns="1" orderby="" order="" category="necklaces%e2%80%8e" enable_slider="true" items_768_991="2" navigation="" pagination="" item_margin="20" speed="500"][/vc_tta_section][vc_tta_section title="Earrings" tab_id="1556099684910-21a1770d-c60a"][product_category_r per_page="4" columns="1" orderby="" order="" category="brooches%e2%80%8e" enable_slider="true" items_768_991="2" navigation="" pagination="" item_margin="20" speed="500"][/vc_tta_section][vc_tta_section title="Necklaces" tab_id="1556099714985-43cbf6a0-8573"][product_category_r per_page="4" columns="1" orderby="" order="" category="candles" enable_slider="true" items_768_991="2" navigation="" pagination="" item_margin="20" speed="500"][/vc_tta_section][/vc_tta_tabs][/vc_column][/vc_row][vc_row el_class="banner-1"][vc_column][vc_row_inner][vc_column_inner width="1/2"][vc_single_image image="2101" img_size="full" alignment="center" onclick="custom_link" link="http://demo.roadthemes.com/corano/shop/"][vc_column_text el_class="txt-content txt-right"]</p>
<h6>Beautiful</h6>
<h5>Wedding</h5>
<h5>Rings</h5>
<p><a href="http://demo.roadthemes.com/corano/shop/" target="_blank" rel="noopener noreferrer">Shop Now</a>[/vc_column_text][/vc_column_inner][vc_column_inner width="1/2"][vc_single_image image="2102" img_size="full" alignment="center" onclick="custom_link" link="http://demo.roadthemes.com/corano/shop/"][vc_column_text el_class="txt-content txt-center"]</p>
<h6>earring</h6>
<h5>Tangerine Floral</h5>
<h5>Earring</h5>
<p><a href="http://demo.roadthemes.com/corano/shop/" target="_blank" rel="noopener noreferrer">Shop Now</a>[/vc_column_text][/vc_column_inner][/vc_row_inner][vc_row_inner][vc_column_inner width="1/2"][vc_single_image image="2103" img_size="full" alignment="center" onclick="custom_link" link="http://demo.roadthemes.com/corano/shop/"][vc_column_text el_class="txt-content txt-center"]</p>
<h6>new arrivals</h6>
<h5>Pearl</h5>
<h5>Necklaces</h5>
<p><a href="http://demo.roadthemes.com/corano/shop/" target="_blank" rel="noopener noreferrer">Shop Now</a>[/vc_column_text][/vc_column_inner][vc_column_inner width="1/2"][vc_single_image image="2104" img_size="full" alignment="center" onclick="custom_link" link="http://demo.roadthemes.com/corano/shop/"][vc_column_text el_class="txt-content txt-right"]</p>
<h6>new design</h6>
<h5>Diamond</h5>
<h5>Jewelry</h5>
<p><a href="http://demo.roadthemes.com/corano/shop/" target="_blank" rel="noopener noreferrer">Shop Now</a>[/vc_column_text][/vc_column_inner][/vc_row_inner][/vc_column][/vc_row][vc_row][vc_column][roadthemes_title heading_title="Our Products" sub_heading_title="Add our products to weekly lineup"][product_category_r per_page="8" columns="2" orderby="" order="" category="wall-decor" enable_slider="true" items_768_991="2" navigation="" pagination="" item_margin="20" speed="500"][/vc_column][/vc_row][vc_row full_width="stretch_row" el_class="testimonials-container" css=".vc_custom_1556175731843{background-image: url(http://demo.roadthemes.com/corano/wp-content/uploads/2019/04/bg-testimonial.jpg?id=2111) !important;}"][vc_column][roadthemes_title heading_title="Client Testimonials" sub_heading_title="What they say"][testimonials limit="5" size="110" navigation="0" pagination="0"][/vc_column][/vc_row][vc_row][vc_column el_class="banner-3" offset="vc_col-lg-6 vc_col-md-6"][vc_single_image image="2109" img_size="full" alignment="center" onclick="custom_link" link="http://demo.roadthemes.com/corano/shop/"][vc_column_text el_class="txt-content"]</p>
<h6>beautiful</h6>
<h5>Wedding Rings</h5>
<p><a href="http://demo.roadthemes.com/corano/shop/" target="_blank" rel="noopener noreferrer">Shop Now</a>[/vc_column_text][/vc_column][vc_column offset="vc_col-lg-3 vc_col-md-3"][roadthemes_title heading_title="Featured Products" style="style2"][featured_products_r per_page="8" columns="4" orderby="" order="" style="product-list" enable_slider="true" items_1500up="1" items_1200_1499="1" items_992_1199="1" items_768_991="2" navigation="" pagination="" item_margin="20" speed="500"][/vc_column][vc_column offset="vc_col-lg-3 vc_col-md-3"][roadthemes_title heading_title="Best Sellers" style="style2"][bestselling_products_r per_page="8" columns="4" style="product-list" enable_slider="true" items_1500up="1" items_1200_1499="1" items_992_1199="1" items_768_991="2" navigation="" pagination="" item_margin="20" speed="500"][/vc_column][/vc_row][vc_row][vc_column][roadthemes_title heading_title="From Our Blog" sub_heading_title="There are latest blog posts"][latestposts posts_per_page="3" colsnumber="3" enable_slider="true" items_768_991="2" navigation="1" pagination="" item_margin="20" speed="500"][/vc_column][/vc_row][vc_row][vc_column][ourbrands items_0_479="2" navigation="1" pagination="" item_margin="0"][/vc_column][/vc_row]</p>
]]></content:encoded>
		<excerpt:encoded><![CDATA[]]></excerpt:encoded>
		<wp:post_id>950</wp:post_id>
		<wp:post_date><![CDATA[2018-11-20 08:30:53]]></wp:post_date>
		<wp:post_date_gmt><![CDATA[2018-11-20 08:30:53]]></wp:post_date_gmt>
		<wp:comment_status><![CDATA[closed]]></wp:comment_status>
		<wp:ping_status><![CDATA[closed]]></wp:ping_status>
		<wp:post_name><![CDATA[home-shop-2]]></wp:post_name>
		<wp:status><![CDATA[publish]]></wp:status>
		<wp:post_parent>0</wp:post_parent>
		<wp:menu_order>0</wp:menu_order>
		<wp:post_type><![CDATA[page]]></wp:post_type>
		<wp:post_password><![CDATA[]]></wp:post_password>
		<wp:is_sticky>0</wp:is_sticky>
														<wp:postmeta>
		<wp:meta_key><![CDATA[_edit_last]]></wp:meta_key>
		<wp:meta_value><![CDATA[1]]></wp:meta_value>
		</wp:postmeta>
							<wp:postmeta>
		<wp:meta_key><![CDATA[_wp_page_template]]></wp:meta_key>
		<wp:meta_value><![CDATA[page-templates/front-page-second.php]]></wp:meta_value>
		</wp:postmeta>
							<wp:postmeta>
		<wp:meta_key><![CDATA[slide_template]]></wp:meta_key>
		<wp:meta_value><![CDATA[default]]></wp:meta_value>
		</wp:postmeta>
							<wp:postmeta>
		<wp:meta_key><![CDATA[_manhframework_post_intro]]></wp:meta_key>
		<wp:meta_value><![CDATA[]]></wp:meta_value>
		</wp:postmeta>
							<wp:postmeta>
		<wp:meta_key><![CDATA[_manhframework_custom_sidebar]]></wp:meta_key>
		<wp:meta_value><![CDATA[]]></wp:meta_value>
		</wp:postmeta>
							<wp:postmeta>
		<wp:meta_key><![CDATA[_manhframework_custom_sidebar_pos]]></wp:meta_key>
		<wp:meta_value><![CDATA[left]]></wp:meta_value>
		</wp:postmeta>
							<wp:postmeta>
		<wp:meta_key><![CDATA[_wpb_vc_js_status]]></wp:meta_key>
		<wp:meta_value><![CDATA[true]]></wp:meta_value>
		</wp:postmeta>
							<wp:postmeta>
		<wp:meta_key><![CDATA[_belly_post_intro]]></wp:meta_key>
		<wp:meta_value><![CDATA[]]></wp:meta_value>
		</wp:postmeta>
							<wp:postmeta>
		<wp:meta_key><![CDATA[_belly_custom_sidebar]]></wp:meta_key>
		<wp:meta_value><![CDATA[]]></wp:meta_value>
		</wp:postmeta>
							<wp:postmeta>
		<wp:meta_key><![CDATA[_belly_custom_sidebar_pos]]></wp:meta_key>
		<wp:meta_value><![CDATA[left]]></wp:meta_value>
		</wp:postmeta>
							<wp:postmeta>
		<wp:meta_key><![CDATA[ampforwp-amp-on-off]]></wp:meta_key>
		<wp:meta_value><![CDATA[default]]></wp:meta_value>
		</wp:postmeta>
							<wp:postmeta>
		<wp:meta_key><![CDATA[_origine_post_intro]]></wp:meta_key>
		<wp:meta_value><![CDATA[]]></wp:meta_value>
		</wp:postmeta>
							<wp:postmeta>
		<wp:meta_key><![CDATA[_origine_custom_sidebar]]></wp:meta_key>
		<wp:meta_value><![CDATA[]]></wp:meta_value>
		</wp:postmeta>
							<wp:postmeta>
		<wp:meta_key><![CDATA[_origine_custom_sidebar_pos]]></wp:meta_key>
		<wp:meta_value><![CDATA[left]]></wp:meta_value>
		</wp:postmeta>
							<wp:postmeta>
		<wp:meta_key><![CDATA[_umino_post_intro]]></wp:meta_key>
		<wp:meta_value><![CDATA[]]></wp:meta_value>
		</wp:postmeta>
							<wp:postmeta>
		<wp:meta_key><![CDATA[_umino_custom_sidebar]]></wp:meta_key>
		<wp:meta_value><![CDATA[]]></wp:meta_value>
		</wp:postmeta>
							<wp:postmeta>
		<wp:meta_key><![CDATA[_umino_custom_sidebar_pos]]></wp:meta_key>
		<wp:meta_value><![CDATA[left]]></wp:meta_value>
		</wp:postmeta>
							<wp:postmeta>
		<wp:meta_key><![CDATA[_corano_post_intro]]></wp:meta_key>
		<wp:meta_value><![CDATA[]]></wp:meta_value>
		</wp:postmeta>
							<wp:postmeta>
		<wp:meta_key><![CDATA[_corano_custom_sidebar]]></wp:meta_key>
		<wp:meta_value><![CDATA[]]></wp:meta_value>
		</wp:postmeta>
							<wp:postmeta>
		<wp:meta_key><![CDATA[_corano_custom_sidebar_pos]]></wp:meta_key>
		<wp:meta_value><![CDATA[left]]></wp:meta_value>
		</wp:postmeta>
							<wp:postmeta>
		<wp:meta_key><![CDATA[_wpb_shortcodes_custom_css]]></wp:meta_key>
		<wp:meta_value><![CDATA[.vc_custom_1556175731843{background-image: url(http://demo.roadthemes.com/corano/wp-content/uploads/2019/04/bg-testimonial.jpg?id=2111) !important;}]]></wp:meta_value>
		</wp:postmeta>
	</item> 
</channel>
</rss>			