{"last_tab":"9","background_opt":{"background-color":"#fff","background-repeat":"","background-size":"","background-attachment":"","background-position":"","background-image":"","media":{"id":"","height":"","width":"","thumbnail":""}},"page_content_background":{"background-color":"#ffffff","background-repeat":"","background-size":"","background-attachment":"","background-position":"","background-image":"","media":{"id":"","height":"","width":"","thumbnail":""}},"border_color":{"border-top":"","border-right":"","border-bottom":"","border-left":"","border-style":"solid","border-color":"#efefef"},"back_to_top":"1","row_space":"70px","row_container":"1140px","primary_color":"#c29958","sale_color":"#c29958","saletext_color":"#ffffff","rate_color":"#f9d738","link_color":{"regular":"#222222","hover":"#c29958","active":"#c29958"},"text_selected_bg":"#91b2c3","text_selected_color":"#ffffff","header_layout":"Header 3","header_mobile_layout":"Header Mobile","header_bg":{"background-color":"#fff","background-repeat":"","background-size":"","background-attachment":"","background-position":"","background-image":"","media":{"id":"","height":"","width":"","thumbnail":""}},"header_color":"#555555","header_link_color":{"regular":"#555555","hover":"#c29958","active":"#c29958"},"dropdown_bg":"#ffffff","sticky_header":"1","header_sticky_bg":{"color":"#fff","alpha":"0.95","rgba":"rgba(255,255,255,0.95)"},"header_sticky_layout":"Header Sticky","mobile_menu_label":"Menu","sub_menu_bg":"#ffffff","topbar_bg":{"background-color":"#ffffff","background-repeat":"","background-size":"","background-attachment":"","background-position":"","background-image":"","media":{"id":"","height":"","width":"","thumbnail":""}},"topbar_color":"#555555","topbar_link_color":{"regular":"#333","hover":"#c29958","active":"#c29958"},"categories_menu_bg":"#ffffff","categories_sub_menu_bg":"#ffffff","categories_menu_label":"All Derpartment","categories_menu_items":"10","categories_more_label":"More Categories","categories_less_label":"Less Categories","categories_menu_home":"1","categories_menu_sub":"1","footer_layout":"Footer 1","footer_bg":{"background-color":"#f7f7f7","background-repeat":"","background-size":"","background-attachment":"","background-position":"","background-image":"","media":{"id":"","height":"","width":"","thumbnail":""}},"footer_color":"#555555","footer_link_color":{"regular":"#555555","hover":"#c29958","active":"#c29958"},"social_icons":{"facebook":"\/\/www.facebook.com","twitter":"\/\/twitter.com","instagram":"\/\/www.instagram.com","tumblr":"","pinterest":"","google-plus":"","linkedin":"\/\/www.linkedin.com","behance":"","dribbble":"","youtube":"","vimeo":"","rss":"\/\/www.rss.com"},"bodyfont":{"font-family":"Lato","font-options":"","google":"1","font-backup":"Arial, Helvetica, sans-serif","font-weight":"400","font-style":"","font-size":"14px","color":"#555555"},"headingfont":{"font-family":"Lato","font-options":"","google":"1","font-weight":"700","font-style":"","color":"#222222"},"menufont":{"font-family":"Lato","font-options":"","google":"1","font-weight":"400","font-style":"","font-size":"15px","color":"#222222"},"submenufont":{"font-family":"Lato","font-options":"","google":"true","font-weight":"400","font-style":"","font-size":"14px","color":"#222222"},"dropdownfont":{"font-family":"Lato","font-options":"","google":"1","font-weight":"400","font-style":"","font-size":"14px","color":"#222222"},"categoriesfont":{"font-family":"Lato","font-options":"","google":"1","font-weight":"700","font-style":"","font-size":"16px","color":"#222222"},"categoriessubmenufont":{"font-family":"Lato","font-options":"","google":"1","font-weight":"400","font-style":"","font-size":"14px","color":"#888888"},"pricefont":{"font-family":"Lato","font-options":"","google":"1","font-weight":"400","font-style":"","font-size":"15px","color":"#555555"},"image_slider":[{"title":"","description":"","url":"","sort":"0","attachment_id":"","thumb":"","image":"","height":"","width":""}],"brand_logos":[{"title":"Brand 1","description":"","url":"#","sort":"0","attachment_id":"2163","thumb":"http:\/\/demo.roadthemes.com\/corano\/wp-content\/uploads\/2019\/04\/img-brand1-150x39.jpg","image":"http:\/\/demo.roadthemes.com\/corano\/wp-content\/uploads\/2019\/04\/img-brand1.jpg","height":"39","width":"200"},{"title":"Brand 2","description":"","url":"#","sort":"1","attachment_id":"2164","thumb":"http:\/\/demo.roadthemes.com\/corano\/wp-content\/uploads\/2019\/04\/img-brand2-150x39.jpg","image":"http:\/\/demo.roadthemes.com\/corano\/wp-content\/uploads\/2019\/04\/img-brand2.jpg","height":"39","width":"199"},{"title":"Brand 3","description":"","url":"#","sort":"2","attachment_id":"2162","thumb":"http:\/\/demo.roadthemes.com\/corano\/wp-content\/uploads\/2019\/04\/img-brand-150x39.jpg","image":"http:\/\/demo.roadthemes.com\/corano\/wp-content\/uploads\/2019\/04\/img-brand.jpg","height":"39","width":"200"},{"title":"Brand 4","description":"","url":"#","sort":"3","attachment_id":"2165","thumb":"http:\/\/demo.roadthemes.com\/corano\/wp-content\/uploads\/2019\/04\/img-brand4-150x39.jpg","image":"http:\/\/demo.roadthemes.com\/corano\/wp-content\/uploads\/2019\/04\/img-brand4.jpg","height":"39","width":"199"},{"title":"Brand 5","description":"","url":"#","sort":"4","attachment_id":"2166","thumb":"http:\/\/demo.roadthemes.com\/corano\/wp-content\/uploads\/2019\/04\/img-brand5-150x39.jpg","image":"http:\/\/demo.roadthemes.com\/corano\/wp-content\/uploads\/2019\/04\/img-brand5.jpg","height":"39","width":"200"}],"inner_brand":"","brandscroll":"1","brandscrollnumber":"1","brandpause":"3000","brandanimate":"2000","sidebarse_pos":"left","custom-sidebars":[""],"shop_banner":{"url":"","id":"","height":"","width":"","thumbnail":"","title":"","caption":"","alt":"","description":""},"show_category_image":"","shop_layout":"sidebar","sidebarshop_pos":"left","default_view":"grid-view","product_bg":"#ffffff","product_per_page":"12","product_per_row":"3","product_per_row_fw":"4","single_product_layout":"fullwidth","sidebarsingleproduct_pos":"left","product_banner":{"url":"","id":"","height":"","width":"","thumbnail":"","title":"","caption":"","alt":"","description":""},"related_product_title":"Related Products","upsell_product_title":"Upsell Products","related_amount":"5","product_share_title":"Share","detail_link_text":"Quick View","quickview_link_text":"See all features","quickview":"1","blog_header_text":"Blog","blog_layout":"sidebar","sidebarblog_pos":"right","readmore_text":"Read More","blog_share_title":"Share this post","testiscroll":"","testipause":"3000","testianimate":"2000","background_error":{"background-color":"#ffffff","background-repeat":"","background-size":"","background-attachment":"","background-position":"","background-image":"","media":{"id":"","height":"","width":"","thumbnail":""}},"enable_less":"1","redux-backup":"1"}